epoch,accuracy,learning_rate,loss,val_accuracy,val_loss
0,0.4322222173213959,0.0010000000474974513,1.952416181564331,0.44999998807907104,2.404313325881958
1,0.44999998807907104,0.0010000000474974513,1.8616724014282227,0.44999998807907104,2.357210636138916
2,0.44999998807907104,0.0010000000474974513,1.858016848564148,0.44999998807907104,2.334409713745117
3,0.44999998807907104,0.0010000000474974513,1.8568392992019653,0.44999998807907104,2.3195042610168457
4,0.44999998807907104,0.0010000000474974513,1.8531672954559326,0.44999998807907104,2.3042523860931396
5,0.44999998807907104,0.0010000000474974513,1.8529918193817139,0.44999998807907104,2.289173126220703
6,0.44999998807907104,0.0010000000474974513,1.8524043560028076,0.44999998807907104,2.2664427757263184
7,0.44999998807907104,0.0010000000474974513,1.8522992134094238,0.44999998807907104,2.270582914352417
8,0.44999998807907104,0.0010000000474974513,1.8508273363113403,0.44999998807907104,2.266526222229004
